url,word_count
https://www.cm-alliance.com/cybersecurity-blog,0
https://www.cisa.gov/topics/cybersecurity-best-practices,486
https://www.qnbtrust.bank/Resources/Learning-Center/Blog/7-cyber-security-tips,0
https://www.cisco.com/site/us/en/learn/topics/security/what-is-network-security.html,34
https://www.trendmicro.com/en_us/what-is/network-security/network-security-basics.html,5
https://digitdefence.com/blog/fundamentals-of-network-security-in-computer-networks,17
https://cofense.com/blog,36
https://www.connectwise.com/blog/phishing-prevention-tips,0
https://www.phriendlyphishing.com/blog,12
https://en.wikipedia.org/wiki/SD-WAN,170
https://www.cisco.com/site/us/en/learn/topics/networking/what-is-sd-wan.html,359
https://www.hpe.com/us/en/what-is/sd-wan.html,0
https://remotedesktop.google.com/,0
https://support.microsoft.com/en-us/windows/how-to-use-remote-desktop-5fe128d5-8fb1-7a23-3b8a-41e636865e8c,0
https://support.apple.com/guide/remote-desktop/welcome/mac,0
https://en.wikipedia.org/wiki/Remote_desktop_software,73
https://www.cloudflare.com/learning/access-management/what-is-ztna/,0
https://www.microsoft.com/en-us/security/business/security-101/what-is-zero-trust-network-access-ztna,0
https://sign.dropbox.com/products/dropbox-fax,436
https://www.fax.plus/,164
https://realpython.com/tutorials/data-science/,356
https://www.geeksforgeeks.org/data-science/data-science-with-python-tutorial/,155
https://jakevdp.github.io/PythonDataScienceHandbook/,51
https://www.w3schools.com/datascience/,112
https://towardsdatascience.com/machine-learning-basics-with-examples-part-1-c2d37247ec3d,0
https://www.analyticsvidhya.com/blog/2021/09/comprehensive-guide-on-machine-learning/,0
https://digitalmarketinginstitute.com/blog/what-is-seo,166
https://digitalmarketinginstitute.com/blog/what-are-the-most-effective-digital-marketing-strategies,46
https://www.investopedia.com/terms/s/seo.asp,0
https://www.dollardays.com/?srsltid=AfmBOopXjdOu2Kwq6fwYN9FPfB19MorSOf5UyS0EisxFSAzOm8wbl8KF,0
https://www.woot.com/,24
https://www.shopmissa.com/?srsltid=AfmBOoqr-F6zzKR-vGPqksAZp1wW4niXlINdN2eAREiMVNtHez_0-gAB,18
https://martie.com/?srsltid=AfmBOoqTEC0QXQ3xYEvV1VWP6OX6EZboYFZDuiiilhyLfDJNbuXIZ97r,9
https://viewyourdeal.com/,0
https://americasstealsanddeals.com/,60
https://www.pricegrabber.com/,32
https://www.wikihow.com/Make-Money-Online,242
https://en.wikipedia.org/wiki/Search_engine_optimization,122
https://simple.wikipedia.org/wiki/Search_engine_optimization,58
https://en.wikipedia.org/wiki/Content_marketing,158
https://simple.wikipedia.org/wiki/Content_marketing,50
https://en.wikipedia.org/wiki/Machine_learning,0
https://simple.wikipedia.org/wiki/Machine_learning,0
https://en.wikipedia.org/wiki/Artificial_intelligence,294
https://simple.wikipedia.org/wiki/Artificial_intelligence,63
https://en.wikipedia.org/wiki/Digital_marketing,118
https://simple.wikipedia.org/wiki/Digital_marketing,87
https://www.reuters.com/technology/artificial-intelligence/,0
https://www.cnbc.com/artificial-intelligence/,0
https://www.bbc.com/news/topics/c404v061z99t,0
https://www.theguardian.com/technology/artificialintelligenceai,0
https://apnews.com/hub/artificial-intelligence,25
https://abcnews.go.com/alerts/technology,0
